<?xml version="1.0" encoding="UTF-8"?>
    <addon id="SportsDevil" name="sports devil" version="0.1.0" provider-name="westc0ast">
        <requires>
            <import addon="xbmc.addon" version="12.0.0"/>
        </requires>
        <extension point="xbmc.addon.repository" name="sports devil">
            <info compressed="false">https://raw.githubusercontent.com/westc0ast/west_repo/addons.xml</info>
            <checksum>https://raw.githubusercontent.com/westc0ast/west_repo/addons.xml.md5</checksum>
            <datadir zip="true">https://raw.githubusercontent.com/westc0ast/west_repo/</datadir>
            <hashes>false</hashes>
        </extension>
        <extension point="xbmc.addon.metadata">
            <summary>sports ftuff</summary>
            <description>cool sporst</description>
            <platform>all</platform>
    </extension>
</addon>